source,value,color
Solar,1030.55935,#EC866D
Wind,1840.3641499999999,#3699B1
Hydropower,4296.55104,#6798DE
Marine,0.97136,#73B067
Bioenergy,609.5461899999999,#a1785c
Geothermal,94.65353,#EA666D
