source,value,color
Solar,835.67396,#EC866D
Wind,1588.31871,#3699B1
Hydropower,4369.055,#6798DE
Marine,0.98512,#73B067
Bioenergy,568.5536500000001,#a1785c
Geothermal,95.44469000000001,#EA666D
